name,email
Candace Roth,ut@hotmail.edu
Ralph Santana,at@hotmail.ca
Owen Frank,a.feugiat@icloud.edu
Hasad Copeland,massa@outlook.org
Kiara Mcdowell,neque@outlook.edu
Rooney Levine,diam@google.org
Cameron Lowery,facilisis@protonmail.edu
Arden Ryan,at.sem@google.ca
Elaine Lucas,purus.mauris.a@icloud.net
Harper O'donnell,neque.tellus.imperdiet@aol.ca
Emerson Snyder,egestas.ligula@outlook.couk
Ciara Alexander,lacus.cras@aol.com
Stuart Le,donec.tempus@aol.ca
Hedy Kelley,sem.pellentesque@google.ca
Duncan Knox,amet.lorem.semper@aol.com
Savannah Christensen,ridiculus.mus@google.ca
Emmanuel Raymond,mollis.non@yahoo.ca
Herman Howe,diam.duis.mi@google.edu
Robin Park,sem.consequat@yahoo.couk
Kalia Hull,id.enim.curabitur@protonmail.org
Preston Berger,iaculis.lacus.pede@google.edu
Quinn Ross,egestas.hendrerit@aol.org
Latifah Brock,ligula.nullam@aol.edu
Patience Ellis,nunc.nulla@hotmail.ca
Elaine Frye,faucibus.leo@google.com
Channing Pierce,litora@aol.org
Russell Hughes,vehicula.et@outlook.net
Hayes Macdonald,pede.blandit@aol.com
Colleen Stuart,nulla.integer.urna@aol.com
Keely Santos,vel.arcu.curabitur@protonmail.edu
Shad Best,pretium@yahoo.couk
Seth Pena,non.vestibulum@yahoo.org
Demetrius Owen,leo.vivamus.nibh@yahoo.com
Amity Gonzales,tincidunt@aol.ca
Vanna Herrera,aliquet.molestie.tellus@aol.com
Hamish Ferguson,nisi.nibh@protonmail.net
Hollee Swanson,lacinia.at@protonmail.net
Zia Coffey,amet.risus.donec@hotmail.org
Kerry Farmer,praesent@icloud.edu
Zachary James,quis.turpis.vitae@outlook.org
Keaton Holland,diam.nunc.ullamcorper@outlook.edu
Jonah Tyson,conubia@protonmail.net
Ginger Wiggins,eu.dolor@protonmail.ca
Judith Goodman,massa.non@hotmail.net
Emerson Molina,sit.amet@google.org
Kermit Jenkins,dignissim@protonmail.com
Silas Whitley,sapien.imperdiet@yahoo.ca
Lyle Hess,nulla.magna@google.couk
Lacey Price,at.auctor@yahoo.com
Grady Berger,natoque.penatibus@outlook.edu
Emmanuel Richard,purus.duis@aol.com
Dawn Farley,tristique.senectus@outlook.com
Trevor Burks,dui@hotmail.net
Travis Evans,pellentesque.ultricies@google.net
Cameran Hansen,dignissim.magna.a@google.couk
Ronan Guzman,consequat.lectus@yahoo.org
Elvis Lott,gravida.non@aol.edu
Ayanna Langley,proin.non@yahoo.ca
Jade Olson,velit.aliquam.nisl@hotmail.ca
Jacqueline Marshall,neque@hotmail.net
Nicholas Mccormick,ante.bibendum@hotmail.com
Ainsley Poole,dignissim@aol.edu
Moses O'connor,risus.at@outlook.couk
Roary Conley,justo@protonmail.couk
Emma Avila,elementum.lorem@outlook.com
Emmanuel Copeland,urna.convallis@aol.com
Miriam Mccray,quisque.libero.lacus@google.org
Roth Rush,elementum.at@hotmail.org
Jael Barton,nibh.aliquam@outlook.net
Fredericka Powers,fames.ac@outlook.ca
Yolanda Fuentes,egestas@aol.net
Bernard Marsh,mauris@yahoo.net
Arsenio Payne,est.vitae@yahoo.net
Bruce Workman,ante.ipsum@yahoo.org
Sylvester Roberts,malesuada.malesuada@icloud.couk
Lester Cain,nonummy.ultricies.ornare@google.org
Rinah Brown,turpis.egestas@aol.com
Stacy Hardy,mauris.eu.elit@hotmail.ca
Forrest Henderson,arcu@google.couk
Sarah Blankenship,est@icloud.ca
Erin Kinney,non@outlook.ca
Camille Torres,luctus.ipsum.leo@aol.com
Xenos Green,magna@outlook.com
Selma Fernandez,adipiscing.non@yahoo.org
Slade Ruiz,et.magnis.dis@outlook.com
Ray Cooke,lectus@icloud.ca
Jaden Wells,mollis.phasellus@google.ca
Zeph Conway,eget@yahoo.ca
Dustin Mathis,curabitur.ut@google.edu
Steel Dickson,risus.in.mi@google.couk
Wing Barker,ac@yahoo.couk
Demetrius Fowler,malesuada.vel@hotmail.ca
David Rich,elit@protonmail.net
Candace Morton,enim.nunc@icloud.edu
Summer Alston,malesuada.vel@yahoo.com
George Glover,dictum.cursus@hotmail.org
Yoshi Barron,dolor@yahoo.edu
Branden Cote,donec@aol.net
Kylan Hendrix,egestas.a@outlook.com
Althea Hicks,integer.vulputate@google.net
